<application>
  <component name="AppStorage">
    <histories>
      <item value="Invalidate the whole view. If the view is visible, * {@link #onDraw(android.graphics.Canvas)} will be called at some point in * the future. * &lt;p&gt; * This must be called from a UI thread. To call from a non-UI thread, call" />
      <item value="Protected Permissions" />
      <item value="MOUNT UNMOUNT FILESYSTEMS" />
      <item value="is Token Expired" />
      <item value="add Interceptor" />
      <item value="Http Exception" />
      <item value="Set the local destination for the downloaded file to a path within * the application's external files directory" />
      <item value="not whiteListedcom.supermap.imobile.track/com.supermap.imobile.track.MainActivity/1" />
      <item value="is not a correct directory" />
      <item value="java.lang.IllegalArgumentException: /sdcard/SuperMap/License/license.txt/ is not a correct directory" />
      <item value="fusion" />
      <item value="assemble" />
      <item value="InputMethodManagerService: Ignoring com.android.server.InputMethodManagerService.reportFullscreenMode:4546 due to an invalid token. uid:10943 token:android.os.Binder@ff171af" />
      <item value="resolutionStrategy" />
      <item value="org.gradle.api.plugins.UnknownPluginException: Plugin [id: 'org.jetbrains.kotlin.android-extensions'] was not found in any of the following sources:" />
      <item value="get Dynamic Feature Modules" />
      <item value="getDynamicFeatureModules" />
      <item value="adapterrxjava 2" />
      <item value="FEATURE" />
      <item value="FEATURE_ALBUM " />
      <item value="All consts are accessed via reflection" />
      <item value="By default lint does not check test sources, but setting this option means that lint will not even parse them" />
      <item value="Each feature module that is included in settings.gradle.kts is added here as dynamic feature" />
      <item value="IS RETURN DEFAULT VALUES" />
      <item value="flat Dir" />
      <item value="See https://docs.gradle.org/6.1.1/userguide/plugins.html#sec:plugins_block for information on the plugins {} block" />
      <item value="build file 'E:\working space\Project\Coal_General\commonlibrary\build.gradle': 8: only id(String) method calls allowed in plugins {} script block" />
      <item value="Overload resolution ambiguity: public open fun compileSdkVersion(apiLevel: Int): Unit defined in com.android.build.gradle.internal.dsl.BaseAppModuleExtension" />
      <item value="第三方" />
      <item value="Abnormal Feed" />
      <item value="Feed Abnormal" />
      <item value="Abnormal" />
      <item value="com.squareup.retrofit 2:converter-gson" />
      <item value="depend" />
      <item value="depends Version" />
      <item value="modified Url" />
      <item value="Exception In Initializer Error" />
      <item value="Jetify Transform" />
      <item value="Jetifier" />
      <item value="java.lang.RuntimeException: Failed to transform 'E:\working space\Project\Coal_General\app\libs\common-library-release.aar' using Jetifier. Reason: StringIndexOutOfBoundsException, message: String index out of range: 22." />
      <item value="keep" />
      <item value="dontwarn" />
      <item value="obsolete" />
      <item value="order In Category" />
      <item value="Common" />
      <item value="值班管理" />
      <item value="repositories" />
      <item value="值班记录" />
      <item value="值班登记表" />
      <item value="矿井" />
    </histories>
    <option name="languageScores">
      <map>
        <entry key="CHINESE" value="141" />
        <entry key="ENGLISH" value="142" />
        <entry key="FRENCH" value="1" />
        <entry key="LUXEMBOURGISH" value="2" />
        <entry key="SWEDISH" value="1" />
      </map>
    </option>
  </component>
  <component name="Settings">
    <option name="ignoreRegExp" value="" />
  </component>
</application>